MeterReadingID,MeterID,CustomerContractAddrAssocID,Meter_Number,prev. reading,prev. reading date,PrevReederID,PrevReader,current reading,cur.reading date,CurrReader,CurrReederID,Notes
1,2,2,5,3851,2020-05-06,159,Lancelot Tschiersch,4060,2020-06-06,Bernita Munson,154,null
2,2,2,5,4060,2020-06-06,154,Bernita Munson,null,null,,null,needs reading 
3,3,3,27,211,2019-04-15,216,Genvieve Creighton,411,2019-05-15,Genvieve Creighton,216,null
4,3,3,27,411,2019-05-15,216,Genvieve Creighton,670,2019-06-15,Genvieve Creighton,216,null
5,3,3,27,670,2019-06-15,216,Genvieve Creighton,830,2019-07-15,Gaspar McCaskill,337,null
6,4,4,48,1350,2018-09-21,230,Evaleen Madelin,1870,2018-10-21,Evaleen Madelin,230,null
7,4,4,48,1870,2018-10-21,230,Evaleen Madelin,null,null, ,null,needs reading 
8,3,3,27,830,2019-07-15,337,Gaspar McCaskill,null,null, ,null,needs reading 
9,5,5,16,400,2019-10-23,382,Cherye Buey,730,2019-11-23,Genvieve Creighton,216,null
10,5,6,16,730,2019-11-23,216,Genvieve Creighton,null,null, ,null,needs reading 
11,5,8,16,269,2018-08-19,261,Rosalia Skip,400,2018-09-19,Rosalia Skip,261,null
12,8,9,56,341,2017-12-04,382,Cherye Buey,612,2018-01-05,Gaspar McCaskill,337,null
13,8,9,56,612,2018-01-05,337,Gaspar McCaskill,890,2018-02-05,Gaspar McCaskill,337,null
14,8,9,56,890,2018-02-05,337,Gaspar McCaskill,null,null,null,null,needs reading 
